[
    {
        "character": "\u674e\u6cfd\u8a00", 
        "name": "\u4ea4\u7f20\u89c6\u7ebf", 
        "way": "\u94bb\u9601", 
        "rarity": "SSR"
    }, 
    {
        "character": "\u8bb8\u58a8", 
        "name": "\u8bb0\u5fc6\u88c2\u75d5", 
        "way": "\u94bb\u9601", 
        "rarity": "SSR"
    }, 
    {
        "character": "\u5468\u68cb\u6d1b", 
        "name": "\u661f\u4e4b\u6d77", 
        "way": "\u94bb\u9601", 
        "rarity": "SSR"
    }, 
    {
        "character": "\u5468\u68cb\u6d1b", 
        "name": "\u9762\u5177\u7802\u783e", 
        "way": "\u94bb\u9601", 
        "rarity": "SSR"
    }, 
    {
        "character": "\u674e\u6cfd\u8a00", 
        "name": "\u63a0\u593a\u8005", 
        "way": "\u94bb\u9601/\u5fc3\u7efd\u4e4b\u82b1\u5151\u6362", 
        "rarity": "SSR"
    }, 
    {
        "character": "\u5468\u68cb\u6d1b", 
        "name": "\u590f\u65e5\u7ea6\u5b9a", 
        "way": "\u7d2f\u51451w6", 
        "rarity": "SSR"
    }, 
    {
        "character": "\u5468\u68cb\u6d1b", 
        "name": "\u521d\u96ea\u5370\u8bb0", 
        "way": "2018\u5143\u65e6\u6d3b\u52a8", 
        "rarity": "SR"
    }, 
    {
        "character": "\u8bb8\u58a8", 
        "name": "\u6eba\u6d77", 
        "way": "\u94bb\u9601", 
        "rarity": "SSR"
    }, 
    {
        "character": "\u5468\u68cb\u6d1b", 
        "name": "\u82b1\u821e", 
        "way": "\u91d1\u5e01\u9601", 
        "rarity": "SSR"
    }, 
    {
        "character": "\u8bb8\u58a8", 
        "name": "\u4e13\u6ce8", 
        "way": "\u91d1\u5e01\u9601", 
        "rarity": "SR"
    }, 
    {
        "character": "\u8bb8\u58a8", 
        "name": "\u6a31\u843d\u65e0\u58f0", 
        "way": "\u94bb\u9601/\u5fc3\u7efd\u4e4b\u82b1\u5151\u6362", 
        "rarity": "SSR"
    }, 
    {
        "character": "\u767d\u8d77", 
        "name": "\u661f\u4e0e\u7738", 
        "way": "\u94bb\u9601/\u5fc3\u7efd\u4e4b\u82b1\u5151\u6362", 
        "rarity": "SSR"
    }, 
    {
        "character": "\u767d\u8d77", 
        "name": "\u90a3\u65f6\u79cb\u6df1", 
        "way": "\u94bb\u9601", 
        "rarity": "SR"
    }, 
    {
        "character": "\u674e\u6cfd\u8a00", 
        "name": "\u4fa7\u8033\u503e\u542c", 
        "way": "\u62cd\u6444\u526f\u672c", 
        "rarity": "SR"
    }, 
    {
        "character": "\u5468\u68cb\u6d1b", 
        "name": "\u5b64\u5c9b", 
        "way": "\u91d1\u5e01\u9601", 
        "rarity": "SR"
    }, 
    {
        "character": "\u8bb8\u58a8", 
        "name": "\u6df1\u9677", 
        "way": "\u7d2f\u5145500", 
        "rarity": "SR"
    }, 
    {
        "character": "\u674e\u6cfd\u8a00", 
        "name": "\u6df1\u591c\u5fc3\u4e8b", 
        "way": "\u94bb\u9601/\u5fc3\u7efd\u4e4b\u82b1\u5151\u6362", 
        "rarity": "SR"
    }, 
    {
        "character": "\u674e\u6cfd\u8a00", 
        "name": "\u4e70", 
        "way": "\u91d1\u5e01\u9601", 
        "rarity": "SSR"
    }, 
    {
        "character": "\u674e\u6cfd\u8a00", 
        "name": "\u6e29\u67d4\u9f13\u52b1", 
        "way": "\u94bb\u9601/\u5fc3\u7efd\u4e4b\u82b1\u5151\u6362", 
        "rarity": "SR"
    }, 
    {
        "character": "\u767d\u8d77", 
        "name": "\u8bda\u610f\u6559\u5b66", 
        "way": "\u94bb\u9601/\u5fc3\u7efd\u4e4b\u82b1\u5151\u6362", 
        "rarity": "SR"
    }, 
    {
        "character": "\u8bb8\u58a8", 
        "name": "\u6bd4\u6d77\u66f4\u6df1", 
        "way": "\u94bb\u9601", 
        "rarity": "SR"
    }, 
    {
        "character": "\u5468\u68cb\u6d1b", 
        "name": "\u8ffd\u968f", 
        "way": "\u62cd\u6444\u526f\u672c", 
        "rarity": "SR"
    }, 
    {
        "character": "\u5468\u68cb\u6d1b", 
        "name": "\u7275\u7eca", 
        "way": "\u94bb\u9601/\u5fc3\u7efd\u4e4b\u82b1\u5151\u6362", 
        "rarity": "SR"
    }, 
    {
        "character": "\u5468\u68cb\u6d1b", 
        "name": "\u5f77\u5fa8\u4e4b\u7738", 
        "way": "\u94bb\u9601", 
        "rarity": "SR"
    }, 
    {
        "character": "\u8bb8\u58a8", 
        "name": "\u5348\u540e\u6696\u9633", 
        "way": "\u62cd\u6444\u526f\u672c", 
        "rarity": "SR"
    }, 
    {
        "character": "\u767d\u8d77", 
        "name": "\u4f60\u7684\u773c\u7738", 
        "way": "\u62cd\u6444\u526f\u672c", 
        "rarity": "SR"
    }, 
    {
        "character": "\u674e\u6cfd\u8a00", 
        "name": "\u53ef\u7231\u7684\u4f60", 
        "way": "\u7d2f\u51453000", 
        "rarity": "SR"
    }, 
    {
        "character": "\u674e\u6cfd\u8a00", 
        "name": "\u4e16\u754c\u4e4b\u5916", 
        "way": "\u94bb\u9601", 
        "rarity": "SR"
    }, 
    {
        "character": "\u5468\u68cb\u6d1b", 
        "name": "\u5e26\u4f60\u79bb\u5f00", 
        "way": "\u94bb\u9601/\u5fc3\u7efd\u4e4b\u82b1\u5151\u6362", 
        "rarity": "SSR"
    }, 
    {
        "character": "\u767d\u8d77", 
        "name": "\u7425\u73c0\u65f6\u5149", 
        "way": "\u91d1\u5e01\u9601", 
        "rarity": "SR"
    }, 
    {
        "character": "\u8bb8\u58a8", 
        "name": "\u6026\u7136\u5fc3\u52a8", 
        "way": "\u91d1\u5e01\u9601", 
        "rarity": "SSR"
    }, 
    {
        "character": "\u767d\u8d77", 
        "name": "\u6211\u7684\u82f1\u96c4", 
        "way": "\u91d1\u5e01\u9601", 
        "rarity": "SSR"
    }, 
    {
        "character": "\u674e\u6cfd\u8a00", 
        "name": "\u7737\u604b\u6d77\u98ce", 
        "way": "\u94bb\u9601", 
        "rarity": "SSR"
    }, 
    {
        "character": "\u767d\u8d77", 
        "name": "\u661f\u7a7a\u4e4b\u543b", 
        "way": "\u9996\u5145\u5956\u52b1", 
        "rarity": "SR"
    }, 
    {
        "character": "\u767d\u8d77", 
        "name": "\u7ae5\u8da3\u65f6\u5149", 
        "way": "\u94bb\u9601/\u5fc3\u7efd\u4e4b\u82b1\u5151\u6362", 
        "rarity": "SR"
    }, 
    {
        "character": "\u5468\u68cb\u6d1b", 
        "name": "\u95ea\u4eae\u6ce8\u89c6", 
        "way": "\u62cd\u6444\u526f\u672c", 
        "rarity": "SR"
    }, 
    {
        "character": "\u8bb8\u58a8", 
        "name": "\u76f8\u9047", 
        "way": "\u91d1\u5e01\u9601", 
        "rarity": "SR"
    }, 
    {
        "character": "\u8bb8\u58a8", 
        "name": "\u5b9a\u683c", 
        "way": "\u94bb\u9601/\u5fc3\u7efd\u4e4b\u82b1\u5151\u6362", 
        "rarity": "SR"
    }, 
    {
        "character": "\u767d\u8d77", 
        "name": "\u70bd\u70ed\u80f8\u819b", 
        "way": "\u94bb\u9601", 
        "rarity": "SSR"
    }, 
    {
        "character": "\u767d\u8d77", 
        "name": "\u5360\u6709", 
        "way": "\u94bb\u9601", 
        "rarity": "SSR"
    }, 
    {
        "character": "\u674e\u6cfd\u8a00", 
        "name": "\u4ea4\u6362\u79d8\u5bc6", 
        "way": "\u91d1\u5e01\u9601", 
        "rarity": "SR"
    }, 
    {
        "character": "\u767d\u8d77", 
        "name": "\u707c\u707c\u5149\u8292", 
        "way": "2018\u5143\u65e6\u6d3b\u52a8", 
        "rarity": "SR"
    }, 
    {
        "character": "\u5468\u68cb\u6d1b", 
        "name": "\u843d\u96ea\u65f6\u5149", 
        "way": "\u94bb\u9601/\u5fc3\u7efd\u4e4b\u82b1\u5151\u6362", 
        "rarity": "SR"
    }, 
    {
        "character": "\u674e\u6cfd\u8a00", 
        "name": "\u821e\u4f1a\u9080\u7ea6", 
        "way": "\u91d1\u5e01\u9601", 
        "rarity": "SR"
    }, 
    {
        "character": "\u8bb8\u58a8", 
        "name": "\u6697\u591c\u5149\u8292", 
        "way": "\u94bb\u9601", 
        "rarity": "SR"
    }, 
    {
        "character": "\u767d\u8d77", 
        "name": "\u7480\u74a8\u7684\u5fc3", 
        "way": "\u91d1\u5e01\u9601", 
        "rarity": "SR"
    }, 
    {
        "character": "\u674e\u6cfd\u8a00", 
        "name": "\u5ba1\u89c6", 
        "way": "\u62cd\u6444\u526f\u672c", 
        "rarity": "R"
    }, 
    {
        "character": "\u674e\u6cfd\u8a00", 
        "name": "\u5fc3\u7075\u535a\u5f08", 
        "way": "\u65b0\u4eba\u767b\u5f55\u9001", 
        "rarity": "R"
    }, 
    {
        "character": "\u674e\u6cfd\u8a00", 
        "name": "\u6613\u5982\u53cd\u638c", 
        "way": "\u62cd\u6444\u526f\u672c", 
        "rarity": "R"
    }, 
    {
        "character": "\u5468\u68cb\u6d1b", 
        "name": "\u5e7b\u60f3\u8005", 
        "way": "\u91d1\u5e01\u9601", 
        "rarity": "R"
    }, 
    {
        "character": "\u5468\u68cb\u6d1b", 
        "name": "\u9163\u68a6", 
        "way": "\u94bb\u9601/\u5fc3\u7efd\u4e4b\u82b1\u5151\u6362", 
        "rarity": "SR"
    }, 
    {
        "character": "\u767d\u8d77", 
        "name": "\u4f60\u662f\u6211\u7684", 
        "way": "\u94bb\u9601", 
        "rarity": "SR"
    }, 
    {
        "character": "\u8bb8\u58a8", 
        "name": "\u6ce8\u5b9a", 
        "way": "\u94bb\u9601", 
        "rarity": "R"
    }, 
    {
        "character": "\u767d\u8d77", 
        "name": "\u63a8\u7406", 
        "way": "\u94bb\u9601", 
        "rarity": "R"
    }, 
    {
        "character": "\u674e\u6cfd\u8a00", 
        "name": "\u5951\u7ea6", 
        "way": "\u62cd\u6444\u526f\u672c", 
        "rarity": "R"
    }, 
    {
        "character": "\u767d\u8d77", 
        "name": "\u5728\u4f60\u8eab\u540e", 
        "way": "\u62cd\u6444\u526f\u672c", 
        "rarity": "SR"
    }, 
    {
        "character": "\u674e\u6cfd\u8a00", 
        "name": "\u8bd5\u95ee\u771f\u5fc3", 
        "way": "\u62cd\u6444\u526f\u672c", 
        "rarity": "SR"
    }, 
    {
        "character": "\u8bb8\u58a8", 
        "name": "\u79d1\u5b66\u4e4b\u7f8e", 
        "way": "\u91d1\u5e01\u9601", 
        "rarity": "R"
    }, 
    {
        "character": "\u767d\u8d77", 
        "name": "\u6fc0\u6218", 
        "way": "\u94bb\u9601", 
        "rarity": "SR"
    }, 
    {
        "character": "\u767d\u8d77", 
        "name": "\u4e00\u5bf9\u4e00\u5ba1\u8baf", 
        "way": "\u62cd\u6444\u526f\u672c", 
        "rarity": "R"
    }, 
    {
        "character": "\u5468\u68cb\u6d1b", 
        "name": "\u9189\u5fc3\u521b\u4f5c", 
        "way": "\u94bb\u9601", 
        "rarity": "R"
    }, 
    {
        "character": "\u8bb8\u58a8", 
        "name": "\u6559\u6388\u5728\u4e0a", 
        "way": "\u91d1\u5e01\u9601", 
        "rarity": "R"
    }, 
    {
        "character": "\u674e\u6cfd\u8a00", 
        "name": "\u9762\u9732\u96be\u8272", 
        "way": "\u94bb\u9601", 
        "rarity": "R"
    }, 
    {
        "character": "\u8bb8\u58a8", 
        "name": "\u7406\u667a\u4e0e\u60c5\u611f", 
        "way": "\u62cd\u6444\u526f\u672c", 
        "rarity": "R"
    }, 
    {
        "character": "\u767d\u8d77", 
        "name": "\u9510\u6c14", 
        "way": "\u91d1\u5e01\u9601", 
        "rarity": "R"
    }, 
    {
        "character": "\u674e\u6cfd\u8a00", 
        "name": "\u51b0\u5c71\u6c14\u573a", 
        "way": "\u91d1\u5e01\u9601", 
        "rarity": "R"
    }, 
    {
        "character": "\u767d\u8d77", 
        "name": "\u601d\u8003\u8005", 
        "way": "\u62cd\u6444\u526f\u672c", 
        "rarity": "R"
    }, 
    {
        "character": "\u674e\u6cfd\u8a00", 
        "name": "\u5149\u5f71\u968f\u5fc3", 
        "way": "\u94bb\u9601/\u5fc3\u7efd\u4e4b\u82b1\u5151\u6362", 
        "rarity": "SR"
    }, 
    {
        "character": "\u5468\u68cb\u6d1b", 
        "name": "\u8ff7\u5931\u9b3c\u5c4b", 
        "way": "\u91d1\u5e01\u9601", 
        "rarity": "SR"
    }, 
    {
        "character": "\u8bb8\u58a8", 
        "name": "\u7f31\u7efb\u4e50\u5149", 
        "way": "2018.1.23\u6d3b\u52a8", 
        "rarity": "SR"
    }, 
    {
        "character": "\u8bb8\u58a8", 
        "name": "\u517b\u4f60", 
        "way": "\u94bb\u9601", 
        "rarity": "R"
    }, 
    {
        "character": "\u8bb8\u58a8", 
        "name": "\u67d4\u8f6f\u5fc3\u7eea", 
        "way": "\u94bb\u9601", 
        "rarity": "SR"
    }, 
    {
        "character": "\u674e\u6cfd\u8a00", 
        "name": "\u7279\u6b8a\u4efb\u52a1", 
        "way": "\u94bb\u9601", 
        "rarity": "R"
    }, 
    {
        "character": "\u674e\u6cfd\u8a00", 
        "name": "\u96e8\u4e2d\u8d74\u7ea6", 
        "way": "\u94bb\u9601", 
        "rarity": "SR"
    }, 
    {
        "character": "\u674e\u6cfd\u8a00", 
        "name": "\u6e29\u67d4\u65f6\u523b", 
        "way": "\u94bb\u9601", 
        "rarity": "SR"
    }, 
    {
        "character": "\u8bb8\u58a8", 
        "name": "\u96ea\u5df2\u6df1", 
        "way": "\u62cd\u6444\u526f\u672c", 
        "rarity": "SR"
    }, 
    {
        "character": "\u767d\u8d77", 
        "name": "\u529b\u91cf\u6e90\u6cc9", 
        "way": "\u94bb\u9601/\u5fc3\u7efd\u4e4b\u82b1\u5151\u6362", 
        "rarity": "SR"
    }, 
    {
        "character": "\u5468\u68cb\u6d1b", 
        "name": "\u4e0e\u4f60\u6bd4\u80a9", 
        "way": "\u94bb\u9601", 
        "rarity": "SR"
    }, 
    {
        "character": "\u8bb8\u58a8", 
        "name": "\u96e8\u4e2d\u81c2\u5f2f", 
        "way": "\u94bb\u9601/\u5fc3\u7efd\u4e4b\u82b1\u5151\u6362", 
        "rarity": "SR"
    }, 
    {
        "character": "\u674e\u6cfd\u8a00", 
        "name": "\u5fc3\u5f26\u4e4b\u97f3", 
        "way": "\u94bb\u9601", 
        "rarity": "R"
    }, 
    {
        "character": "\u674e\u6cfd\u8a00", 
        "name": "\u601d\u7d22", 
        "way": "\u62cd\u6444\u526f\u672c", 
        "rarity": "R"
    }, 
    {
        "character": "\u767d\u8d77", 
        "name": "\u9006\u98ce", 
        "way": "\u94bb\u9601", 
        "rarity": "R"
    }, 
    {
        "character": "\u8bb8\u58a8", 
        "name": "\u70b9\u70b9\u8424\u5149", 
        "way": "\u521d\u59cb\u5361", 
        "rarity": "SR"
    }, 
    {
        "character": "\u5468\u68cb\u6d1b", 
        "name": "\u5b8c\u7f8e\u793c\u670d", 
        "way": "\u62cd\u6444\u526f\u672c", 
        "rarity": "R"
    }, 
    {
        "character": "\u5468\u68cb\u6d1b", 
        "name": "\u5feb\u4e50\u6839\u6e90", 
        "way": "\u94bb\u9601", 
        "rarity": "R"
    }, 
    {
        "character": "\u5468\u68cb\u6d1b", 
        "name": "\u627e\u5230\u4f60\u4e86", 
        "way": "\u94bb\u9601", 
        "rarity": "SR"
    }, 
    {
        "character": "\u8bb8\u58a8", 
        "name": "\u56de\u7738", 
        "way": "\u91d1\u5e01\u9601", 
        "rarity": "R"
    }, 
    {
        "character": "\u767d\u8d77", 
        "name": "\u773c\u524d\u4e00\u4eae", 
        "way": "\u91d1\u5e01\u9601", 
        "rarity": "R"
    }, 
    {
        "character": "\u767d\u8d77", 
        "name": "\u5343\u94a7\u4e00\u53d1", 
        "way": "\u516c\u6d4b\u9884\u7ea6", 
        "rarity": "SR"
    }, 
    {
        "character": "\u8bb8\u58a8", 
        "name": "\u6536\u85cf\u56de\u5fc6", 
        "way": "\u94bb\u9601", 
        "rarity": "R"
    }, 
    {
        "character": "\u5468\u68cb\u6d1b", 
        "name": "\u4f60\u7684\u5b58\u5728", 
        "way": "\u94bb\u9601", 
        "rarity": "R"
    }, 
    {
        "character": "\u5468\u68cb\u6d1b", 
        "name": "\u4e3a\u4f60\u800c\u6b4c", 
        "way": "\u94bb\u9601", 
        "rarity": "R"
    }, 
    {
        "character": "\u674e\u6cfd\u8a00", 
        "name": "\u54c1\u5473", 
        "way": "\u94bb\u9601", 
        "rarity": "R"
    }, 
    {
        "character": "\u8bb8\u58a8", 
        "name": "\u8bb0\u5f55", 
        "way": "\u94bb\u9601", 
        "rarity": "R"
    }, 
    {
        "character": "\u674e\u6cfd\u8a00", 
        "name": "\u661f\u706f\u4e4b\u4e0b", 
        "way": "2018\u674e\u6cfd\u8a00\u751f\u65e5\u6d3b\u52a8", 
        "rarity": "R"
    }, 
    {
        "character": "\u5468\u68cb\u6d1b", 
        "name": "\u5076\u9047", 
        "way": "\u91d1\u5e01\u9601", 
        "rarity": "R"
    }, 
    {
        "character": "\u5468\u68cb\u6d1b", 
        "name": "\u614c\u4e71", 
        "way": "\u94bb\u9601", 
        "rarity": "R"
    }, 
    {
        "character": "\u767d\u8d77", 
        "name": "\u610f\u4e71", 
        "way": "\u62cd\u6444\u526f\u672c", 
        "rarity": "R"
    }, 
    {
        "character": "\u674e\u6cfd\u8a00", 
        "name": "\u4e0d\u8981\u8bf4\u8bdd", 
        "way": "\u91d1\u5e01\u9601", 
        "rarity": "R"
    }, 
    {
        "character": "\u674e\u6cfd\u8a00", 
        "name": "\u65f6\u95f4\u638c\u63a7\u8005", 
        "way": "\u94bb\u9601", 
        "rarity": "R"
    }, 
    {
        "character": "\u674e\u6cfd\u8a00", 
        "name": "\u6574\u88c5\u5f85\u53d1", 
        "way": "\u62cd\u6444\u526f\u672c", 
        "rarity": "R"
    }, 
    {
        "character": "\u767d\u8d77", 
        "name": "\u70e6\u607c", 
        "way": "\u7ade\u6280\u573a", 
        "rarity": "R"
    }, 
    {
        "character": "\u767d\u8d77", 
        "name": "\u8c03\u67e5", 
        "way": "\u94bb\u9601", 
        "rarity": "R"
    }, 
    {
        "character": "\u5468\u68cb\u6d1b", 
        "name": "\u72ec\u5bb6\u5b9a\u5236", 
        "way": "\u94bb\u9601", 
        "rarity": "R"
    }, 
    {
        "character": "\u8bb8\u58a8", 
        "name": "\u7247\u523b\u72b9\u7591", 
        "way": "\u62cd\u6444\u526f\u672c", 
        "rarity": "R"
    }, 
    {
        "character": "\u8bb8\u58a8", 
        "name": "\u6cbb\u6108\u5e08", 
        "way": "\u62cd\u6444\u526f\u672c", 
        "rarity": "R"
    }, 
    {
        "character": "\u767d\u8d77", 
        "name": "\u56de\u5fc6\u89e3\u9501", 
        "way": "\u62cd\u6444\u526f\u672c", 
        "rarity": "R"
    }, 
    {
        "character": "\u8bb8\u58a8", 
        "name": "\u6211\u7684\u6674\u5929", 
        "way": "\u62cd\u6444\u526f\u672c", 
        "rarity": "R"
    }, 
    {
        "character": "\u5468\u68cb\u6d1b", 
        "name": "\u7eda\u70c2\u65f6\u523b", 
        "way": "\u62cd\u6444\u526f\u672c", 
        "rarity": "R"
    }, 
    {
        "character": "\u674e\u6cfd\u8a00", 
        "name": "\u4ed6\u7684\u6e29\u5ea6", 
        "way": "2018\u674e\u6cfd\u8a00\u751f\u65e5\u6d3b\u52a8", 
        "rarity": "SR"
    }, 
    {
        "character": "\u674e\u6cfd\u8a00", 
        "name": "\u5473\u857e\u4e4b\u7231", 
        "way": "\u7ade\u6280\u573a", 
        "rarity": "R"
    }, 
    {
        "character": "\u767d\u8d77", 
        "name": "\u8e0c\u8e87", 
        "way": "\u62cd\u6444\u526f\u672c", 
        "rarity": "R"
    }, 
    {
        "character": "\u767d\u8d77", 
        "name": "\u5f39\u65e0\u865a\u53d1", 
        "way": "\u94bb\u9601", 
        "rarity": "R"
    }, 
    {
        "character": "\u674e\u6cfd\u8a00", 
        "name": "\u8c03\u6559", 
        "way": "\u7ade\u6280\u573a", 
        "rarity": "R"
    }, 
    {
        "character": "\u8bb8\u58a8", 
        "name": "\u628a\u624b\u7ed9\u6211", 
        "way": "\u91d1\u5e01\u9601", 
        "rarity": "R"
    }, 
    {
        "character": "\u767d\u8d77", 
        "name": "\u70ed\u8eab", 
        "way": "\u94bb\u9601", 
        "rarity": "R"
    }, 
    {
        "character": "\u5468\u68cb\u6d1b", 
        "name": "\u4f60\u7684\u6837\u5b50", 
        "way": "2018\u5143\u65e6\u6d3b\u52a8", 
        "rarity": "R"
    }, 
    {
        "character": "\u767d\u8d77", 
        "name": "\u51ac\u65e5\u82b1\u706b", 
        "way": "2018\u5143\u65e6\u6d3b\u52a8", 
        "rarity": "R"
    }, 
    {
        "character": "\u674e\u6cfd\u8a00", 
        "name": "\u60c5\u4e0d\u81ea\u7981", 
        "way": "\u94bb\u9601", 
        "rarity": "R"
    }, 
    {
        "character": "\u674e\u6cfd\u8a00", 
        "name": "\u4f11\u95f2", 
        "way": "\u94bb\u9601", 
        "rarity": "R"
    }, 
    {
        "character": "\u8bb8\u58a8", 
        "name": "\u6696\u5fc3\u96ea\u591c", 
        "way": "\u7ade\u6280\u573a", 
        "rarity": "R"
    }, 
    {
        "character": "\u674e\u6cfd\u8a00", 
        "name": "\u7f8e\u5473\u5173\u7cfb", 
        "way": "\u91d1\u5e01\u9601", 
        "rarity": "R"
    }, 
    {
        "character": "\u5468\u68cb\u6d1b", 
        "name": "\u7535\u53f0\u8ff7\u8e2a", 
        "way": "\u62cd\u6444\u526f\u672c", 
        "rarity": "R"
    }, 
    {
        "character": "\u767d\u8d77", 
        "name": "\u4e0d\u7f81\u7684\u5fc3", 
        "way": "\u91d1\u5e01\u9601", 
        "rarity": "R"
    }, 
    {
        "character": "\u767d\u8d77", 
        "name": "\u5de6\u53f3\u4e3a\u96be", 
        "way": "\u94bb\u9601", 
        "rarity": "R"
    }, 
    {
        "character": "\u5468\u68cb\u6d1b", 
        "name": "\u7b49\u4f60\u56de\u4fe1", 
        "way": "\u7ade\u6280\u573a", 
        "rarity": "R"
    }, 
    {
        "character": "\u8bb8\u58a8", 
        "name": "\u4e56\u4e56\u5403\u836f", 
        "way": "\u7ade\u6280\u573a", 
        "rarity": "R"
    }, 
    {
        "character": "\u767d\u8d77", 
        "name": "\u6d17\u767d\u767d", 
        "way": "\u94bb\u9601", 
        "rarity": "R"
    }, 
    {
        "character": "\u767d\u8d77", 
        "name": "\u63e1\u7d27\u7684\u62f3", 
        "way": "\u5fc3\u52a8\u8fde\u63a5", 
        "rarity": "R"
    }, 
    {
        "character": "\u5468\u68cb\u6d1b", 
        "name": "\u707c\u590f", 
        "way": "\u62cd\u6444\u526f\u672c", 
        "rarity": "R"
    }, 
    {
        "character": "\u767d\u8d77", 
        "name": "\u4efb\u6027\u9080\u7ea6", 
        "way": "\u62cd\u6444\u526f\u672c", 
        "rarity": "R"
    }, 
    {
        "character": "\u8bb8\u58a8", 
        "name": "\u6076\u4f5c\u5267", 
        "way": "\u62cd\u6444\u526f\u672c", 
        "rarity": "R"
    }, 
    {
        "character": "\u5468\u68cb\u6d1b", 
        "name": "\u6674\u591c", 
        "way": "\u7ade\u6280\u573a", 
        "rarity": "R"
    }, 
    {
        "character": "\u5468\u68cb\u6d1b", 
        "name": "\u4e50\u5929\u6d3e", 
        "way": "\u91d1\u5e01\u9601", 
        "rarity": "R"
    }, 
    {
        "character": "\u8bb8\u58a8", 
        "name": "\u9009\u62e9\u56f0\u96be", 
        "way": "\u94bb\u9601", 
        "rarity": "R"
    }, 
    {
        "character": "\u767d\u8d77", 
        "name": "\u7825\u783a", 
        "way": "\u94bb\u9601", 
        "rarity": "R"
    }, 
    {
        "character": "\u8bb8\u58a8", 
        "name": "\u5473\u857e\u70d9\u5370", 
        "way": "\u94bb\u9601", 
        "rarity": "R"
    }, 
    {
        "character": "\u5468\u68cb\u6d1b", 
        "name": "\u5165\u7720", 
        "way": "\u6708\u7b7e\u5230", 
        "rarity": "R"
    }, 
    {
        "character": "\u8bb8\u58a8", 
        "name": "\u548c\u6211\u7ea6\u4f1a", 
        "way": "\u62cd\u6444\u526f\u672c", 
        "rarity": "R"
    }, 
    {
        "character": "\u8bb8\u58a8", 
        "name": "\u8bfb\u4f60", 
        "way": "\u94bb\u9601", 
        "rarity": "R"
    }, 
    {
        "character": "\u767d\u8d77", 
        "name": "\u773c\u4e2d\u7684\u4f60", 
        "way": "\u7ade\u6280\u573a", 
        "rarity": "R"
    }, 
    {
        "character": "\u5468\u68cb\u6d1b", 
        "name": "\u751c\u871c\u5fc3\u60c5", 
        "way": "\u94bb\u9601", 
        "rarity": "R"
    }, 
    {
        "character": "\u5468\u68cb\u6d1b", 
        "name": "\u627f\u8bfa", 
        "way": "\u62cd\u6444\u526f\u672c", 
        "rarity": "R"
    }, 
    {
        "character": "\u8bb8\u58a8", 
        "name": "\u9759\u9759\u7b49\u5f85", 
        "way": "\u62cd\u6444\u526f\u672c", 
        "rarity": "R"
    }, 
    {
        "character": "\u5468\u68cb\u6d1b", 
        "name": "\u4f2a\u88c5\u8005", 
        "way": "\u521d\u59cb\u5361", 
        "rarity": "R"
    }, 
    {
        "character": "\u674e\u6cfd\u8a00", 
        "name": "\u5348\u9910\u65e5\u5e38", 
        "way": "\u91d1\u5e01\u9601", 
        "rarity": "R"
    }, 
    {
        "character": "\u767d\u8d77", 
        "name": "\u81f4\u656c\u5403\u8d27", 
        "way": "\u91d1\u5e01\u9601", 
        "rarity": "R"
    }, 
    {
        "character": "\u8bb8\u58a8", 
        "name": "\u5669\u68a6\u9a71\u8d76", 
        "way": "\u6708\u7b7e\u5230", 
        "rarity": "R"
    }, 
    {
        "character": "\u674e\u6cfd\u8a00", 
        "name": "\u5378\u4e0b\u5fc3\u9632", 
        "way": "\u62cd\u6444\u526f\u672c", 
        "rarity": "R"
    }, 
    {
        "character": "\u767d\u8d77", 
        "name": "\u7387\u6027", 
        "way": "\u62cd\u6444\u526f\u672c", 
        "rarity": "R"
    }, 
    {
        "character": "\u767d\u8d77", 
        "name": "\u51b7\u6696", 
        "way": "\u65b0\u4eba\u767b\u5f55\u9001", 
        "rarity": "R"
    }, 
    {
        "character": "\u674e\u6cfd\u8a00", 
        "name": "\u53f3\u624b\u8fb9\u7684\u4f60", 
        "way": "\u62cd\u6444\u526f\u672c", 
        "rarity": "R"
    }, 
    {
        "character": "\u5468\u68cb\u6d1b", 
        "name": "\u5b8c\u7f8e\u7ebf\u6761", 
        "way": "\u94bb\u9601", 
        "rarity": "R"
    }, 
    {
        "character": "\u5468\u68cb\u6d1b", 
        "name": "\u725b\u5976\u60e9\u7f5a", 
        "way": "\u62cd\u6444\u526f\u672c", 
        "rarity": "R"
    }, 
    {
        "character": "\u5468\u68cb\u6d1b", 
        "name": "\u8d2a\u7761", 
        "way": "\u62cd\u6444\u526f\u672c", 
        "rarity": "R"
    }, 
    {
        "character": "\u674e\u6cfd\u8a00", 
        "name": "\u7ea2\u5305", 
        "way": "2018.2\u6708\u7b7e\u5230", 
        "rarity": "R"
    }, 
    {
        "character": "\u8bb8\u58a8", 
        "name": "\u9f7f\u95f4\u6e29\u67d4", 
        "way": "2018\u6625\u8282\u6d3b\u52a8", 
        "rarity": "SSR"
    }, 
    {
        "character": "\u767d\u8d77", 
        "name": "\u6b64\u751f\u7737\u604b", 
        "way": "2018\u6625\u8282\u6d3b\u52a8", 
        "rarity": "SSR"
    }, 
    {
        "character": "\u674e\u6cfd\u8a00", 
        "name": "\u4f9d\u504e", 
        "way": "2018\u6625\u8282\u6d3b\u52a8", 
        "rarity": "SR"
    }, 
    {
        "character": "\u5468\u68cb\u6d1b", 
        "name": "\u6307\u5c16\u5fc3\u8df3", 
        "way": "2018\u6625\u8282\u6d3b\u52a8", 
        "rarity": "SR"
    }, 
    {
        "character": "\u767d\u8d77", 
        "name": "\u53ea\u5c5e\u4e8e\u4f60", 
        "way": "2018\u60c5\u4eba\u8282\u6d3b\u52a8", 
        "rarity": "SR"
    }
]