{
    "arena": [
        {
            "goods": "-", 
            "name": "\u559c\u5267\u5927\u5e08"
        }, 
        {
            "goods": "-", 
            "name": "\u516c\u8def\u5192\u9669"
        }, 
        {
            "goods": "-", 
            "name": "\u60ac\u5ff5\u65f6\u523b"
        }, 
        {
            "goods": "-", 
            "name": "\u60ca\u609a\u8bb0"
        }, 
        {
            "goods": "-", 
            "name": "\u6218\u4e89\u5e74\u4ee3"
        }, 
        {
            "goods": "-", 
            "name": "\u897f\u90e8\u8fb9\u5883"
        }, 
        {
            "goods": "-", 
            "name": "\u7231\u60c5\u7684\u5473\u9053"
        }, 
        {
            "goods": "-", 
            "name": "\u6050\u6016\u65e5\u8bb0"
        }, 
        {
            "goods": "-", 
            "name": "\u60b2\u60e8\u4eba\u751f"
        }, 
        {
            "goods": "-", 
            "name": "\u79d1\u5e7b\u5951\u7ea6"
        }
    ], 
    "instance": [
        {
            "goods": "R\u00b7\u6613\u5982\u53cd\u638c", 
            "name": "1-2"
        }, 
        {
            "goods": "R\u00b7\u53f3\u624b\u8fb9\u7684\u4f60", 
            "name": "1-3"
        }, 
        {
            "goods": "R\u00b7\u6613\u5982\u53cd\u638c", 
            "name": "1-4"
        }, 
        {
            "goods": "R\u00b7\u5ba1\u89c6", 
            "name": "1-5"
        }, 
        {
            "goods": "R\u00b7\u53f3\u624b\u8fb9\u7684\u4f60", 
            "name": "1-6"
        }, 
        {
            "goods": "R\u00b7\u601d\u7d22", 
            "name": "2-2"
        }, 
        {
            "goods": "R\u00b7\u5ba1\u89c6", 
            "name": "2-3"
        }, 
        {
            "goods": "R\u00b7\u6613\u5982\u53cd\u638c", 
            "name": "2-4"
        }, 
        {
            "goods": "R\u00b7\u53f3\u624b\u8fb9\u7684\u4f60", 
            "name": "2-5"
        }, 
        {
            "goods": "R\u00b7\u5951\u7ea6", 
            "name": "2-6"
        }, 
        {
            "goods": "R\u00b7\u5ba1\u89c6", 
            "name": "3-2"
        }, 
        {
            "goods": "R\u00b7\u5951\u7ea6", 
            "name": "3-3"
        }, 
        {
            "goods": "R\u00b7\u601d\u7d22", 
            "name": "3-4"
        }, 
        {
            "goods": "R\u00b7\u5951\u7ea6", 
            "name": "3-5"
        }, 
        {
            "goods": "SR\u00b7\u4fa7\u8033\u503e\u542c", 
            "name": "3-6"
        }, 
        {
            "goods": "R\u00b7\u601d\u7d22", 
            "name": "4-2"
        }, 
        {
            "goods": "R\u00b7\u6613\u5982\u53cd\u638c", 
            "name": "4-3"
        }, 
        {
            "goods": "R\u00b7\u5378\u4e0b\u5fc3\u9632", 
            "name": "4-4"
        }, 
        {
            "goods": "R\u00b7\u5951\u7ea6", 
            "name": "4-5"
        }, 
        {
            "goods": "SR\u00b7\u4fa7\u8033\u503e\u542c", 
            "name": "4-6"
        }, 
        {
            "goods": "R\u00b7\u5378\u4e0b\u5fc3\u9632", 
            "name": "5-2"
        }, 
        {
            "goods": "R\u00b7\u601d\u7d22", 
            "name": "5-3"
        }, 
        {
            "goods": "R\u00b7\u53f3\u624b\u8fb9\u7684\u4f60", 
            "name": "5-4"
        }, 
        {
            "goods": "R\u00b7\u5378\u4e0b\u5fc3\u9632", 
            "name": "5-5"
        }, 
        {
            "goods": "SR\u00b7\u8bd5\u95ee\u771f\u5fc3", 
            "name": "5-6"
        }, 
        {
            "goods": "R\u00b7\u6574\u88c5\u5f85\u53d1", 
            "name": "6-2"
        }, 
        {
            "goods": "R\u00b7\u5ba1\u89c6", 
            "name": "6-3"
        }, 
        {
            "goods": "R\u00b7\u5378\u4e0b\u5fc3\u9632", 
            "name": "6-4"
        }, 
        {
            "goods": "R\u00b7\u6574\u88c5\u5f85\u53d1", 
            "name": "6-5"
        }, 
        {
            "goods": "SR\u00b7\u8bd5\u95ee\u771f\u5fc3", 
            "name": "6-6"
        }
    ], 
    "hard": [
        {
            "goods": "\u6211\u7684\u5f55\u97f3\u7b14", 
            "name": "1-1"
        }, 
        {
            "goods": "\u674e\u6cfd\u8a00\u7684\u7ea2\u9152", 
            "name": "1-2"
        }, 
        {
            "goods": "\u8bb8\u58a8\u7684\u70df\u82b1\u68d2", 
            "name": "1-3"
        }, 
        {
            "goods": "\u68cb\u6d1b\u7684\u718a\u5e03\u5076", 
            "name": "1-4"
        }, 
        {
            "goods": "\u767d\u8d77\u7684\u94f6\u674f\u53f6", 
            "name": "1-5"
        }, 
        {
            "goods": "\u5468\u68cb\u6d1b\u7b7e\u540dCD", 
            "name": "1-6"
        }, 
        {
            "goods": "\u767d\u8d77\u7684\u8b66\u5fbd", 
            "name": "1-7"
        }, 
        {
            "goods": "\u6211\u7684\u9999\u6c34", 
            "name": "1-8"
        }, 
        {
            "goods": "\u8bb8\u58a8\u7684\u8424\u706b\u706f", 
            "name": "1-9"
        }, 
        {
            "goods": "\u674e\u6cfd\u8a00\u7684\u5e03\u4e01", 
            "name": "1-10"
        }, 
        {
            "goods": "\u6211\u7684\u5e03\u4e01", 
            "name": "2-1"
        }, 
        {
            "goods": "\u674e\u6cfd\u8a00\u7684\u9ed1\u5361", 
            "name": "2-2"
        }, 
        {
            "goods": "\u674e\u6cfd\u8a00\u7684\u7ea2\u9152", 
            "name": "2-3"
        }, 
        {
            "goods": "\u8bb8\u58a8\u7684\u89e3\u5256\u5200", 
            "name": "2-4"
        }, 
        {
            "goods": "\u8bb8\u58a8\u7684\u70df\u82b1\u68d2", 
            "name": "2-5"
        }, 
        {
            "goods": "\u767d\u8d77\u7684\u94f6\u674f\u53f6", 
            "name": "2-6"
        }, 
        {
            "goods": "\u5468\u68cb\u6d1b\u7684\u85af\u7247", 
            "name": "2-7"
        }, 
        {
            "goods": "\u6211\u7684\u5f55\u97f3\u7b14", 
            "name": "2-8"
        }, 
        {
            "goods": "\u767d\u8d77\u7684\u901a\u8baf\u5668", 
            "name": "2-9"
        }, 
        {
            "goods": "\u68cb\u6d1b\u7684\u718a\u5e03\u5076", 
            "name": "2-10"
        }, 
        {
            "goods": "\u6211\u7684\u81ea\u62cd\u6746", 
            "name": "3-1"
        }, 
        {
            "goods": "\u767d\u8d77\u7684\u5b50\u5f39", 
            "name": "3-2"
        }, 
        {
            "goods": "\u5468\u68cb\u6d1b\u7b7e\u540dCD", 
            "name": "3-3"
        }, 
        {
            "goods": "\u674e\u6cfd\u8a00\u7684\u9886\u5e26", 
            "name": "3-4"
        }, 
        {
            "goods": "\u8bb8\u58a8\u7684\u8424\u706b\u706f", 
            "name": "3-5"
        }, 
        {
            "goods": "\u674e\u6cfd\u8a00\u7684\u5e03\u4e01", 
            "name": "3-6"
        }, 
        {
            "goods": "\u767d\u8d77\u7684\u8b66\u5fbd", 
            "name": "3-7"
        }, 
        {
            "goods": "\u8bb8\u58a8\u7684ipad", 
            "name": "3-8"
        }, 
        {
            "goods": "\u5468\u68cb\u6d1b\u7684\u5199\u771f", 
            "name": "3-9"
        }, 
        {
            "goods": "\u6211\u7684\u9999\u6c34", 
            "name": "3-10"
        }, 
        {
            "goods": "\u767d\u8d77\u7684\u624b\u5957", 
            "name": "4-1"
        }, 
        {
            "goods": "\u674e\u6cfd\u8a00\u7684\u516c\u4ed4", 
            "name": "4-2"
        }, 
        {
            "goods": "\u68cb\u6d1b\u7684\u718a\u5e03\u5076", 
            "name": "4-3"
        }, 
        {
            "goods": "\u6211\u7684\u5e03\u4e01", 
            "name": "4-4"
        }, 
        {
            "goods": "\u6211\u7684\u5f55\u97f3\u7b14", 
            "name": "4-5"
        }, 
        {
            "goods": "\u6211\u7684\u968f\u8eab\u76f8\u673a", 
            "name": "4-6"
        }, 
        {
            "goods": "\u8bb8\u58a8\u7684\u70df\u82b1\u68d2", 
            "name": "4-7"
        }, 
        {
            "goods": "\u674e\u6cfd\u8a00\u7684\u7ea2\u9152", 
            "name": "4-8"
        }, 
        {
            "goods": "\u674e\u6cfd\u8a00\u7684\u9ed1\u5361", 
            "name": "4-9"
        }, 
        {
            "goods": "\u68cb\u6d1b\u96f6\u98df\u793c\u76d2", 
            "name": "4-10"
        }, 
        {
            "goods": "\u8bb8\u58a8\u7684\u89e3\u5256\u5200", 
            "name": "5-1"
        }, 
        {
            "goods": "\u767d\u8d77\u7684\u901a\u8baf\u5668", 
            "name": "5-2"
        }, 
        {
            "goods": "\u767d\u8d77\u7684\u94f6\u674f\u53f6", 
            "name": "5-3"
        }, 
        {
            "goods": "\u8bb8\u58a8\u7684\u767d\u8336", 
            "name": "5-4"
        }, 
        {
            "goods": "\u5468\u68cb\u6d1b\u7684\u85af\u7247", 
            "name": "5-5"
        }, 
        {
            "goods": "\u8bb8\u58a8\u7684\u70df\u82b1\u68d2", 
            "name": "5-6"
        }, 
        {
            "goods": "\u8bb8\u58a8\u7684\u8424\u706b\u706f", 
            "name": "5-7"
        }, 
        {
            "goods": "\u767d\u8d77\u7684\u5b50\u5f39", 
            "name": "5-8"
        }, 
        {
            "goods": "\u5468\u68cb\u6d1b\u7b7e\u540dCD", 
            "name": "5-9"
        }, 
        {
            "goods": "\u8bb8\u58a8\u7684ipad", 
            "name": "5-10"
        }, 
        {
            "goods": "\u674e\u6cfd\u8a00\u7684\u7ea2\u9152", 
            "name": "6-1"
        }, 
        {
            "goods": "\u5468\u68cb\u6d1b\u7684\u85af\u7247", 
            "name": "6-2"
        }, 
        {
            "goods": "\u8bb8\u58a8\u7684\u89e3\u5256\u5200", 
            "name": "6-3"
        }, 
        {
            "goods": "\u6211\u7684\u9999\u6c34", 
            "name": "6-4"
        }, 
        {
            "goods": "\u68cb\u6d1b\u7684\u718a\u5e03\u5076", 
            "name": "6-5"
        }, 
        {
            "goods": "\u767d\u8d77\u7684\u8b66\u5fbd", 
            "name": "6-6"
        }, 
        {
            "goods": "\u6211\u7684\u9999\u6c34", 
            "name": "6-7"
        }, 
        {
            "goods": "\u674e\u6cfd\u8a00\u7684\u5e03\u4e01", 
            "name": "6-8"
        }, 
        {
            "goods": "\u674e\u6cfd\u8a00\u7684\u9886\u5e26", 
            "name": "6-9"
        }, 
        {
            "goods": "\u5468\u68cb\u6d1b\u7684\u5199\u771f", 
            "name": "6-10"
        }, 
        {
            "goods": "\u5468\u68cb\u843d\u7b7e\u540dCD", 
            "name": "7-1"
        }, 
        {
            "goods": "\u6211\u7684\u5f55\u97f3\u7b14", 
            "name": "7-2"
        }, 
        {
            "goods": "\u6211\u7684\u5e03\u4e01", 
            "name": "7-3"
        }, 
        {
            "goods": "\u674e\u6cfd\u8a00\u7684\u9ed1\u5361", 
            "name": "7-4"
        }, 
        {
            "goods": "\u8bb8\u58a8\u7684\u8367\u706b\u706f", 
            "name": "7-5"
        }, 
        {
            "goods": "\u767d\u8d77\u7684\u94f6\u674f\u53f6", 
            "name": "7-6"
        }, 
        {
            "goods": "\u6211\u7684\u81ea\u62cd\u6746", 
            "name": "7-7"
        }, 
        {
            "goods": "\u674e\u6cfd\u8a00\u7684\u5e03\u4e01", 
            "name": "7-8"
        }, 
        {
            "goods": "\u767d\u8d77\u7684\u8b66\u5fbd", 
            "name": "7-9"
        }, 
        {
            "goods": "\u767d\u8d77\u7684\u901a\u8baf\u5668", 
            "name": "7-10"
        }, 
        {
            "goods": "\u68cb\u6d1b\u96f6\u98df\u793c\u76d2", 
            "name": "8-1"
        }, 
        {
            "goods": "\u674e\u6cfd\u8a00\u7684\u9886\u5e26", 
            "name": "8-2"
        }, 
        {
            "goods": "\u8bb8\u58a8\u7684\u5e73\u5b89\u7ed3", 
            "name": "8-3"
        }, 
        {
            "goods": "\u8bb8\u58a8\u7684iPad", 
            "name": "8-4"
        }, 
        {
            "goods": "\u767d\u8d77\u7684\u624b\u5957", 
            "name": "8-5"
        }, 
        {
            "goods": "\u5468\u68cb\u6d1b\u7684\u5199\u771f", 
            "name": "8-6"
        }, 
        {
            "goods": "\u6211\u7684\u53d1\u5e26", 
            "name": "8-7"
        }, 
        {
            "goods": "\u674e\u6cfd\u8a00\u7684\u516c\u4ed4", 
            "name": "8-8"
        }, 
        {
            "goods": "\u767d\u8d77\u7684\u5b50\u5f39", 
            "name": "8-9"
        }, 
        {
            "goods": "\u8bb8\u58a8\u7684\u767d\u8336", 
            "name": "8-10"
        }, 
        {
            "goods": "\u68cb\u6d1b\u7684\u624b\u7535\u7b52", 
            "name": "9-1"
        }, 
        {
            "goods": "\u674e\u6cfd\u8a00\u7684\u9a86\u9a7c", 
            "name": "9-2"
        }, 
        {
            "goods": "\u6211\u7684\u968f\u8eab\u76f8\u673a", 
            "name": "9-3"
        }, 
        {
            "goods": "\u767d\u8d77\u7684\u4fe1\u4ef6", 
            "name": "9-4"
        }, 
        {
            "goods": "\u6211\u7684\u81ea\u62cd\u6746", 
            "name": "9-5"
        }, 
        {
            "goods": "\u8bb8\u58a8\u7684\u767d\u8336", 
            "name": "9-6"
        }, 
        {
            "goods": "\u767d\u8d77\u7684\u4fe1\u4ef6", 
            "name": "9-7"
        }, 
        {
            "goods": "\u674e\u6cfd\u8a00\u7684\u9ed1\u5361", 
            "name": "9-8"
        }, 
        {
            "goods": "\u674e\u6cfd\u8a00\u7684\u9a86\u9a7c", 
            "name": "9-9"
        }, 
        {
            "goods": "\u68cb\u6d1b\u96f6\u98df\u793c\u76d2", 
            "name": "9-10"
        }, 
        {
            "goods": "\u6211\u7684\u53d1\u5e26", 
            "name": "10-1"
        }, 
        {
            "goods": "\u6211\u7684\u5e03\u4e01", 
            "name": "10-2"
        }, 
        {
            "goods": "\u674e\u6cfd\u8a00\u7684\u516c\u4ed4", 
            "name": "10-3"
        }, 
        {
            "goods": "\u8bb8\u58a8\u7684\u5e73\u5b89\u7ed3", 
            "name": "10-4"
        }, 
        {
            "goods": "\u767d\u8d77\u7684\u624b\u5957", 
            "name": "10-5"
        }, 
        {
            "goods": "\u5468\u68cb\u6d1b\u7684\u85af\u7247", 
            "name": "10-6"
        }, 
        {
            "goods": "\u8bb8\u58a8\u7684\u89e3\u5256\u5200", 
            "name": "10-7"
        }, 
        {
            "goods": "\u6211\u7684\u968f\u8eab\u76f8\u673a", 
            "name": "10-8"
        }, 
        {
            "goods": "\u767d\u8d77\u7684\u901a\u8baf\u5668", 
            "name": "10-9"
        }, 
        {
            "goods": "\u68cb\u6d1b\u7684\u624b\u7535\u7b52", 
            "name": "10-10"
        }
    ], 
    "normal": [
        {
            "goods": "\u4f18\u60e0\u5238", 
            "name": "1-2"
        }, 
        {
            "goods": "\u8001\u51b0\u68cd", 
            "name": "1-3"
        }, 
        {
            "goods": "\u5e3d\u5b50", 
            "name": "1-6"
        }, 
        {
            "goods": "\u96e8\u4f1e", 
            "name": "1-7"
        }, 
        {
            "goods": "\u9488\u7ba1", 
            "name": "1-10"
        }, 
        {
            "goods": "\u671b\u8fdc\u955c", 
            "name": "1-11"
        }, 
        {
            "goods": "\u6ce1\u9762", 
            "name": "1-13"
        }, 
        {
            "goods": "\u9f20\u6807", 
            "name": "1-15"
        }, 
        {
            "goods": "\u5316\u5986\u5305", 
            "name": "1-16"
        }, 
        {
            "goods": "\u4e1d\u889c\u5976\u8336", 
            "name": "2-2"
        }, 
        {
            "goods": "\u624b\u94fe", 
            "name": "2-4"
        }, 
        {
            "goods": "\u9a6c\u514b\u676f", 
            "name": "2-5"
        }, 
        {
            "goods": "\u8336\u53f6", 
            "name": "2-7"
        }, 
        {
            "goods": "\u725b\u6392", 
            "name": "2-8"
        }, 
        {
            "goods": "\u6c34\u6676\u7403", 
            "name": "2-9"
        }, 
        {
            "goods": "\u94b1\u5305", 
            "name": "2-13"
        }, 
        {
            "goods": "\u6d17\u53d1\u6c34", 
            "name": "2-14"
        }, 
        {
            "goods": "\u94a5\u5319\u6263", 
            "name": "2-17"
        }, 
        {
            "goods": "\u7b26", 
            "name": "2-18"
        }, 
        {
            "goods": "\u6307\u5357\u9488", 
            "name": "3-2"
        }, 
        {
            "goods": "\u6da6\u80a4\u971c", 
            "name": "3-5"
        }, 
        {
            "goods": "\u5439\u98ce\u673a", 
            "name": "3-6"
        }, 
        {
            "goods": "\u51b0\u6dc7\u6dcb", 
            "name": "3-9"
        }, 
        {
            "goods": "\u5927\u67f4\u67f4", 
            "name": "3-11"
        }, 
        {
            "goods": "\u53e4\u5e01", 
            "name": "3-13"
        }, 
        {
            "goods": "\u5e73\u5b89\u6263", 
            "name": "3-14"
        }, 
        {
            "goods": "\u6d41\u82cf\u7389\u4f69", 
            "name": "3-16"
        }, 
        {
            "goods": "\u540a\u5760", 
            "name": "3-18"
        }, 
        {
            "goods": "\u5173\u4e1c\u716e", 
            "name": "3-19"
        }, 
        {
            "goods": "\u6b62\u75db\u55b7\u96fe", 
            "name": "4-3"
        }, 
        {
            "goods": "\u706b\u9e21", 
            "name": "4-4"
        }, 
        {
            "goods": "\u4f53\u68c0\u5361", 
            "name": "4-7"
        }, 
        {
            "goods": "\u9762\u5305", 
            "name": "4-8"
        }, 
        {
            "goods": "\u4e66", 
            "name": "4-10"
        }, 
        {
            "goods": "\u70b8\u9e21\u6876", 
            "name": "4-12"
        }, 
        {
            "goods": "\u80f6\u56ca", 
            "name": "4-14"
        }, 
        {
            "goods": "\u56f4\u88d9", 
            "name": "4-15"
        }, 
        {
            "goods": "\u7535\u71a8\u6597", 
            "name": "4-17"
        }, 
        {
            "goods": "\u6536\u7eb3\u7bee", 
            "name": "4-19"
        }, 
        {
            "goods": "\u4e09\u811a\u67b6", 
            "name": "5-2"
        }, 
        {
            "goods": "\u955c\u5934", 
            "name": "5-3"
        }, 
        {
            "goods": "\u793c\u7269", 
            "name": "5-5"
        }, 
        {
            "goods": "u\u76d8", 
            "name": "5-8"
        }, 
        {
            "goods": "VR\u8bbe\u5907", 
            "name": "5-9"
        }, 
        {
            "goods": "\u4fbf\u5f53", 
            "name": "5-11"
        }, 
        {
            "goods": "\u630e\u5305", 
            "name": "5-13"
        }, 
        {
            "goods": "\u996d\u56e2", 
            "name": "5-15"
        }, 
        {
            "goods": "\u6570\u4f4d\u677f", 
            "name": "5-18"
        }, 
        {
            "goods": "\u53f8\u5357", 
            "name": "5-20"
        }, 
        {
            "goods": "\u9c9c\u82b1", 
            "name": "6-3"
        }, 
        {
            "goods": "\u751c\u70b9", 
            "name": "6-4"
        }, 
        {
            "goods": "\u6c64\u5305", 
            "name": "6-6"
        }, 
        {
            "goods": "\u6c99\u62c9", 
            "name": "6-7"
        }, 
        {
            "goods": "\u7af9\u5b50", 
            "name": "6-9"
        }, 
        {
            "goods": "\u53e3\u7f69", 
            "name": "6-10"
        }, 
        {
            "goods": "\u9999\u85b0", 
            "name": "6-12"
        }, 
        {
            "goods": "\u5fa1\u5b88", 
            "name": "6-14"
        }, 
        {
            "goods": "\u9762\u5177", 
            "name": "6-15"
        }, 
        {
            "goods": "\u8033\u673a", 
            "name": "6-17"
        }, 
        {
            "goods": "\u82b1\u73af", 
            "name": "6-18"
        }, 
        {
            "goods": "\u674f\u9c8d\u83c7", 
            "name": "7-3"
        }, 
        {
            "goods": "\u5165\u573a\u5238", 
            "name": "7-5"
        }, 
        {
            "goods": "\u6c34\u679c\u7bee", 
            "name": "7-7"
        }, 
        {
            "goods": "\u7389\u5982\u610f", 
            "name": "7-10"
        }, 
        {
            "goods": "\u7d2b\u7802\u58f6", 
            "name": "7-13"
        }, 
        {
            "goods": "\u9752\u82b1\u74f7\u74f6", 
            "name": "7-15"
        }, 
        {
            "goods": "\u9f99\u4e95\u867e\u4ec1", 
            "name": "7-17"
        }, 
        {
            "goods": "\u626c\u5dde\u7092\u996d", 
            "name": "7-19"
        }, 
        {
            "goods": "\u725b\u8089\u9762", 
            "name": "7-21"
        }, 
        {
            "goods": "\u4e1c\u5761\u8089", 
            "name": "7-22"
        }, 
        {
            "goods": "\u4f5b\u8df3\u5899", 
            "name": "8-2"
        }, 
        {
            "goods": "\u516b\u5366\u955c", 
            "name": "8-5"
        }, 
        {
            "goods": "\u62c2\u5c18", 
            "name": "8-8"
        }, 
        {
            "goods": "\u9f99\u4e95\u8336", 
            "name": "8-9"
        }, 
        {
            "goods": "\u94c1\u89c2\u97f3", 
            "name": "8-11"
        }, 
        {
            "goods": "\u5927\u5409\u5cad", 
            "name": "8-15"
        }, 
        {
            "goods": "\u666e\u6d31\u8336", 
            "name": "8-16"
        }, 
        {
            "goods": "\u53e4\u5178\u7af9\u4f1e", 
            "name": "8-18"
        }, 
        {
            "goods": "\u857e\u4e1d\u4e1d\u5e26", 
            "name": "8-20"
        }, 
        {
            "goods": "\u4f1e\u5934", 
            "name": "8-22"
        }, 
        {
            "goods": "\u666f\u70b9\u7968\u6839", 
            "name": "9-3"
        }, 
        {
            "goods": "\u9632\u6652\u971c", 
            "name": "9-4"
        }, 
        {
            "goods": "\u6655\u673a\u836f", 
            "name": "9-6"
        }, 
        {
            "goods": "\u74f6\u88c5\u725b\u5976", 
            "name": "9-9"
        }, 
        {
            "goods": "\u7279\u8272\u4fbf\u5f53", 
            "name": "9-12"
        }, 
        {
            "goods": "\u591a\u8089\u76c6\u683d", 
            "name": "9-13"
        }, 
        {
            "goods": "\u666f\u89c2\u6bec\u85fb", 
            "name": "9-16"
        }, 
        {
            "goods": "\u6d12\u6c34\u58f6", 
            "name": "9-17"
        }, 
        {
            "goods": "\u5c0f\u7b3c\u6c64\u5305", 
            "name": "9-19"
        }, 
        {
            "goods": "\u751f\u714e\u5305", 
            "name": "9-21"
        }, 
        {
            "goods": "\u9505\u8d34", 
            "name": "10-3"
        }, 
        {
            "goods": "\u9e2d\u8840\u7c89\u4e1d\u6c64", 
            "name": "10-6"
        }, 
        {
            "goods": "\u725b\u8089\u6c64", 
            "name": "10-9"
        }, 
        {
            "goods": "\u87f9\u9ec4\u5305", 
            "name": "10-12"
        }, 
        {
            "goods": "\u7f8e\u53d1\u5361", 
            "name": "10-13"
        }, 
        {
            "goods": "\u53d1\u5939", 
            "name": "10-16"
        }, 
        {
            "goods": "\u7406\u53d1\u5957\u88c5", 
            "name": "10-19"
        }, 
        {
            "goods": "\u6e05\u6d01\u5242", 
            "name": "10-22"
        }, 
        {
            "goods": "\u626b\u5730\u673a\u5668\u4eba", 
            "name": "10-23"
        }, 
        {
            "goods": "\u8089\u677e\u997c", 
            "name": "10-24"
        }
    ]
}